{"utilisateur":"Balde","titre":"Machine learning", "auteur" : "Alexander", "edition":"1th edition","prix":"80 €", "date":"20/11/2021"}
{"utilisateur":"Balde","titre":"Arctic", "auteur" : "Neloy Khare", "edition":"2nd edition","prix":"90 €","date":"21/11/2021"}
{"utilisateur":"Balde","titre":"Artificial Intelligence", "auteur" : "Christopher", "edition":"1th edition","prix":"140 €","date":"22/11/2021"}
{"utilisateur":"Balde","titre":"Machine learning", "auteur" : "Alexander", "edition":"1th edition","prix":"80 €", "date":"20/11/2021"}

